{"cameraMode":{"drawMode":0,"name":"Shaded","section":"Shading Mode"},"sceneLighting":false,"audioPlay":false,"sceneViewState":{"showFog":true,"showMaterialUpdate":false,"showSkybox":false,"showFlares":true,"showImageEffects":true,"showParticleSystems":true},"in2DMode":false,"pivot":{"x":0.08203125,"y":0.0626983642578125,"z":0.05731201171875},"rotation":{"x":0.09706798940896988,"y":-0.6142930388450623,"z":0.07649075239896774,"w":0.7793653011322022},"size":0.468379944562912,"orthographic":true}