{"cameraMode":{"drawMode":0,"name":"Shaded","section":"Shading Mode"},"sceneLighting":true,"audioPlay":false,"sceneViewState":{"showFog":true,"showMaterialUpdate":false,"showSkybox":true,"showFlares":true,"showImageEffects":true,"showParticleSystems":true},"in2DMode":false,"pivot":{"x":19.390323638916017,"y":3.717142105102539,"z":4.374093055725098},"rotation":{"x":0.23313625156879426,"y":-0.21663706004619599,"z":0.05335645005106926,"w":0.9465218782424927},"size":26.275680541992189,"orthographic":true}