{"cameraMode":{"drawMode":0,"name":"Shaded","section":"Shading Mode"},"sceneLighting":false,"audioPlay":false,"sceneViewState":{"showFog":true,"showMaterialUpdate":false,"showSkybox":false,"showFlares":true,"showImageEffects":true,"showParticleSystems":true},"in2DMode":false,"pivot":{"x":-0.12101632356643677,"y":-0.08570647239685059,"z":-0.41370558738708498},"rotation":{"x":0.25510236620903017,"y":-0.018854167312383653,"z":0.0049716210924088959,"w":0.9667299389839172},"size":1.5,"orthographic":false}