{"cameraMode":{"drawMode":0,"name":"Shaded","section":"Shading Mode"},"sceneLighting":false,"audioPlay":false,"sceneViewState":{"showFog":true,"showMaterialUpdate":false,"showSkybox":false,"showFlares":true,"showImageEffects":true,"showParticleSystems":true},"in2DMode":false,"pivot":{"x":-0.1414794921875,"y":0.14898681640625,"z":0.2147216796875},"rotation":{"x":0.15486104786396027,"y":0.6846089363098145,"z":-0.15237443149089814,"w":0.6957928538322449},"size":0.9519038796424866,"orthographic":true}